Cow;days;milk_fit_conc;milk_real_conc;fat_fit_conc;fat_real_conc;protein_fit_conc;protein_real_conc;fit_price;real_price;price_residuals;milk_residuals
60319;153;37,07753469;48,7847138;4,507757646;6,147446536;3,430521103;3,367066131;12,05367514;19,19771181;7,144036672;11,70717911
60549;153;35,36093997;46,36154409;4,339708909;4,989152184;3,322221446;3,787126195;10,9790321;17,15428353;6,175251427;11,00060411
67388;153;32,0567437;46,48458656;4,472396753;4,715049906;3,434973929;3,623515447;10,3806857;16,13224218;5,751556478;14,42784286
67506;153;32,0567437;42,9531527;4,472396753;5,689948889;3,434973929;3,384757873;10,3806857;16,0785396;5,697853902;10,896409
67164;153;32,0567437;45,41979384;4,472396753;4,618885619;3,434973929;3,769562902;10,3806857;16,00072221;5,620036506;13,36305014
60524;153;35,36093997;50,72062688;4,339708909;3,937737345;3,322221446;3,8198189;10,9790321;16,5149276;5,535895491;15,35968691
28465;153;37,07753469;47,31913969;4,507757646;5,520198523;3,430521103;3,395754799;12,05367514;17,39620265;5,342527507;10,241605
60520;153;35,36093997;48,56333183;4,339708909;5,175210639;3,322221446;2,98563844;10,9790321;15,79373138;4,814699274;13,20239186
21435;153;36,4952416;46,73091663;4,54276185;4,886830644;3,47405463;3,709881832;12,02608172;16,84032795;4,814246225;10,23567503
67152;153;32,0567437;39,70292328;4,472396753;4,92357661;3,434973929;3,98071411;10,3806857;15,08377087;4,703085169;7,646179581
29494;153;32,0567437;40,92246766;4,472396753;4,890851351;3,434973929;3,741669363;10,3806857;14,8405087;4,459823001;8,865723954
60465;153;37,07753469;46,96361048;4,507757646;5,333624042;3,430521103;3,2247625;12,05367514;16,34605441;4,292379265;9,886075787
28260;153;36,4952416;49,79250374;4,54276185;4,305047356;3,47405463;3,601700938;12,02608172;16,30415832;4,278076599;13,29726214
21372;153;36,4952416;46,61517317;4,54276185;4,793707576;3,47405463;3,557248518;12,02608172;16,13556706;4,109485336;10,11993157
67500;153;32,0567437;37,2403213;4,472396753;5,208531113;3,434973929;3,891152222;10,3806857;14,39750949;4,016823793;5,183577594
60517;153;35,36093997;44,24611135;4,339708909;4,741494905;3,322221446;3,480361287;10,9790321;14,98810857;4,009076466;8,885171382
12592;153;35,53440793;49,28063463;4,544505861;4,486744079;3,444570124;3,323193503;11,6428834;15,62498845;3,982105042;13,7462267
60284;153;37,07753469;50,42965417;4,507757646;4,414196072;3,430521103;3,379395926;12,05367514;16,01479231;3,961117164;13,35211948
67274;153;32,0567437;47,22777713;4,472396753;4,393737562;3,434973929;3,180844277;10,3806857;14,33472329;3,954037592;15,17103343
60216;153;37,07753469;43,61242353;4,507757646;5,002744981;3,430521103;3,731680869;12,05367514;16,0033348;3,949659657;6,534888832
67172;153;32,0567437;43,5231619;4,472396753;4,120996123;3,434973929;3,747480352;10,3806857;14,31633657;3,935650872;11,4664182
67416;153;32,0567437;40,22168577;4,472396753;4,721764544;3,434973929;3,745089276;10,3806857;14,29424922;3,91356352;8,164942067
60143;153;37,07753469;39,49455245;4,507757646;5,490194989;3,430521103;3,964055439;12,05367514;15,95223913;3,898563993;2,41701776
60494;153;37,07753469;47,01889108;4,507757646;4,745185834;3,430521103;3,452643936;12,05367514;15,84882553;3,795150386;9,941356388
12536;153;35,53440793;41,21277209;4,544505861;5,093583142;3,444570124;3,756221542;11,6428834;15,35553025;3,712646847;5,678364154
29206;153;32,0567437;41,56542696;4,472396753;5,00841539;3,434973929;3,296175831;10,3806857;14,06487674;3,684191041;9,508683263
28246;153;36,4952416;42,11278497;4,54276185;5,045124864;3,47405463;3,793784133;12,02608172;15,70514994;3,679068213;5,617543373
67318;153;32,0567437;37,67239411;4,472396753;5,033286442;3,434973929;3,803010742;10,3806857;14,05243792;3,671752217;5,615650405
67480;153;32,0567437;39,85337708;4,472396753;4,601056944;3,434973929;3,777627021;10,3806857;14,03609155;3,655405849;7,796633382
12821;153;35,53440793;39,23045811;4,544505861;5,306426208;3,444570124;3,875315484;11,6428834;15,29590832;3,653024915;3,69605018
60443;153;37,07753469;48,03366836;4,507757646;4,785710278;3,430521103;3,270818312;12,05367514;15,69920313;3,645527989;10,95613367
60166;153;37,07753469;38,65498088;4,507757646;5,485001684;3,430521103;3,987010474;12,05367514;15,66294884;3,609273698;1,577446188
60152;153;37,07753469;45,39143037;4,507757646;4,893758922;3,430521103;3,471527257;12,05367514;15,65566441;3,601989272;8,313895679
67048;153;32,0567437;40,64491202;4,472396753;4,354352106;3,434973929;3,80712845;10,3806857;13,9500836;3,5693979;8,58816832
12876;153;35,53440793;41,40164724;4,544505861;4,977702846;3,444570124;3,750680723;11,6428834;15,19823138;3,555347979;5,867239309
60151;153;37,07753469;47,13587455;4,507757646;4,333195504;3,430521103;3,638003933;12,05367514;15,60625567;3,552580529;10,05833986
28461;153;36,4952416;41,29235882;4,507757646;4,928263068;3,430521103;3,861533304;11,86437529;15,37056581;3,506190524;4,797117224
67280;153;32,0567437;36,14516689;4,472396753;5,198417359;3,434973929;3,857256421;10,3806857;13,87685319;3,496167485;4,088423191
60390;153;37,07753469;45,4969569;4,507757646;5,134418512;3,430521103;3,261181053;12,05367514;15,54378676;3,490111622;8,419422207
30075;153;32,0567437;37,89029897;4,472396753;4,5791806;3,434973929;3,99998206;10,3806857;13,86546435;3,484778648;5,833555272
60558;153;35,36093997;50,09668569;4,339708909;4,145197164;3,322221446;3,120446599;10,9790321;14,45382564;3,474793536;14,73574572
60080;153;37,07753469;49,72445142;4,507757646;4,656303126;3,430521103;3,121880648;12,05367514;15,47678628;3,423111134;12,64691673
57298;153;32,0567437;40,35162654;4,472396753;4,613939398;3,434973929;3,600151279;10,3806857;13,76074035;3,38005465;8,294882837
67350;153;32,0567437;41,09284916;4,472396753;4,543744792;3,434973929;3,540460779;10,3806857;13,72345516;3,342769459;9,036105457
12900;153;35,53440793;41,61178493;4,544505861;4,766409199;3,444570124;3,774466054;11,6428834;14,95143835;3,308554946;6,077376999
60501;153;37,07753469;40,36891387;4,507757646;5,280674799;3,430521103;3,749532181;12,05367514;15,35776587;3,304090732;3,291379181
12845;153;35,53440793;37,24387183;4,544505861;5,263775426;3,444570124;4,076537563;11,6428834;14,94686425;3,30398085;1,709463897
60404;153;37,07753469;44,72020971;4,507757646;4,709369236;3,430521103;3,571817972;12,05367514;15,35569788;3,302022741;7,64267502
60530;153;35,36093997;43,84126658;4,339708909;4,465622598;3,322221446;3,46796532;10,9790321;14,27932585;3,300293743;8,480326606
60335;153;37,07753469;42,4227957;4,507757646;5,059010768;3,430521103;3,612316599;12,05367514;15,33747128;3,283796139;5,345261007
12663;153;35,53440793;45,77597112;4,544505861;4,509112241;3,444570124;3,401527581;11,6428834;14,79641084;3,153527433;10,24156319
28392;153;36,4952416;37,84548518;4,54276185;5,338078236;3,47405463;4,022999111;12,02608172;15,17878631;3,152704586;1,35024358
28325;153;37,07753469;44,68181912;4,507757646;4,958692468;3,430521103;3,347388089;12,05367514;15,17240523;3,118730084;7,60428443
31058;153;30,88228746;36,45148751;4,339708909;5,248134172;3,322221446;3,270698281;9,588478864;12,65999822;3,071519354;5,569200051
12814;153;35,53440793;41,92138307;4,544505861;4,786064919;3,444570124;3,634667815;11,6428834;14,71139743;3,068514023;6,386975139
12870;153;35,53440793;47,87673542;4,544505861;4,22820642;3,444570124;3,346906167;11,6428834;14,7067506;3,0638672;12,34232749
67398;153;32,0567437;38,55268484;4,472396753;4,807610488;3,434973929;3,58384717;10,3806857;13,43637575;3,055690047;6,495941134
12938;153;36,4952416;40,55132984;4,54276185;5,411768863;3,47405463;3,516591249;12,02608172;15,03759381;3,011512086;4,056088242
12894;153;35,53440793;40,43984907;4,544505861;5,126272705;3,444570124;3,579314974;11,6428834;14,65272884;3,00984544;4,905441134
12826;153;35,53440793;36,07073566;4,544505861;5,47585019;3,444570124;4,000917031;11,6428834;14,63438637;2,991502965;0,536327729
60155;153;37,07753469;41,96677486;4,507757646;4,675127228;3,430521103;3,820925879;12,05367514;15,03832914;2,984653998;4,889240169
60747;153;35,36093997;43,57917723;4,339708909;4,426911261;3,322221446;3,408384529;10,9790321;13,94743922;2,968407111;8,218237257
12779;153;35,53440793;35,39287184;4,544505861;5,758912584;3,444570124;3,913075065;11,6428834;14,59738131;2,954497911;-0,141536093
28422;153;36,4952416;42,20268489;4,54276185;5,154207294;3,47405463;3,44782162;12,02608172;14,97649086;2,950409137;5,707443286
60330;153;37,07753469;49,59451149;4,507757646;4,252821756;3,430521103;3,255819159;12,05367514;14,98957963;2,935904489;12,51697679
60289;153;37,07753469;43,47422539;4,507757646;4,811117877;3,430521103;3,522915482;12,05367514;14,98310861;2,929433471;6,396690692
60765;153;35,36093997;39,94946604;4,339708909;5,114481804;3,322221446;3,371389084;10,9790321;13,90456021;2,925528105;4,588526073
60527;153;35,36093997;49,37129533;4,339708909;4,071896526;3,322221446;3,056964608;10,9790321;13,87686746;2,897835351;14,01035536
60485;153;37,07753469;47,59031049;4,507757646;4,218106225;3,430521103;3,456583828;12,05367514;14,94284534;2,889170197;10,51277579
12526;153;35,53440793;44,48447313;4,544505861;5,487976197;3,444570124;2,799302233;11,6428834;14,52308297;2,880199566;8,950065194
60434;153;37,07753469;46,51534376;4,507757646;4,314562628;3,430521103;3,467514798;12,05367514;14,83768257;2,784007433;9,437809067
28397;153;36,4952416;42,39364896;4,54276185;5,27553798;3,47405463;3,259758927;12,02608172;14,74454497;2,718463245;5,898407358
60153;153;37,07753469;37,56702302;4,507757646;5,431543232;3,430521103;3,84109959;12,05367514;14,77046694;2,716791798;0,489488324
12603;153;35,53440793;42,304733;4,544505861;4,380086822;3,444570124;3,730290871;11,6428834;14,34125578;2,698372372;6,770325071
12810;153;36,4952416;33,19203452;4,54276185;5,968212299;3,47405463;4,243903679;12,02608172;14,72394496;2,697863239;-3,303207075
60157;153;37,07753469;49,68621588;4,507757646;4,000287412;3,430521103;3,33166457;12,05367514;14,71090376;2,65722862;12,60868118
60082;153;37,07753469;39,57958109;4,507757646;5,180897605;3,430521103;3,680995899;12,05367514;14,70307451;2,649399372;2,502046395
60542;153;35,36093997;48,89803383;4,339708909;3,551371799;3,322221446;3,369365587;10,9790321;13,62728052;2,648248413;13,53709386
60378;153;37,07753469;43,1505523;4,507757646;4,624370184;3,430521103;3,586086461;12,05367514;14,6950098;2,64133466;6,073017607
60247;153;37,07753469;39,60712142;4,507757646;5,397604541;3,430521103;3,52309688;12,05367514;14,67965591;2,625980767;2,529586729
60217;153;37,07753469;44,3557035;4,507757646;4,460517249;3,430521103;3,546651108;12,05367514;14,66778661;2,61411147;7,278168805
60171;153;37,07753469;38,34391066;4,507757646;4,988380557;3,430521103;3,9679065;12,05367514;14,64502246;2,591347321;1,266375966
28240;153;36,4952416;38,63129185;4,54276185;5,345636502;3,47405463;3,667216056;12,02608172;14,5974526;2,571370882;2,136050248
67225;153;32,0567437;43,4217644;4,472396753;4,095396072;3,434973929;3,294544127;10,3806857;12,93241121;2,551725513;11,36502069
60601;153;35,36093997;33,65143088;4,339708909;5,556513317;3,322221446;3,89093788;10,9790321;13,5281837;2,5491516;-1,709509093
21419;153;36,4952416;49,84103828;4,54276185;4,115929705;3,47405463;3,194216224;12,02608172;14,55874015;2,53265843;13,34579668
12817;153;35,53440793;38,69493209;4,544505861;4,977748564;3,444570124;3,723225588;11,6428834;14,13440028;2,491516879;3,160524153
67501;153;32,0567437;36,92574529;4,472396753;4,747019366;3,434973929;3,614037828;10,3806857;12,84402346;2,463337764;4,869001593
12518;153;35,53440793;53,41600214;4,544505861;3,681243717;3,444570124;3,059787758;11,6428834;14,09946682;2,456583419;17,88159421
67455;153;32,0567437;39,68509143;4,472396753;4,417063774;3,434973929;3,474810812;10,3806857;12,83609612;2,455410418;7,628347726
12685;153;35,53440793;39,3673548;4,544505861;4,793233381;3,444570124;3,736387909;11,6428834;14,09258093;2,449697531;3,832946871
60630;153;35,36093997;36,20632314;4,339708909;5,002288732;3,322221446;3,791206865;10,9790321;13,42758167;2,44854957;0,84538317
60957;153;35,36093997;43,04751586;4,339708909;4,811535183;3,322221446;3,025681283;10,9790321;13,42054359;2,441511485;7,686575887
60632;153;35,36093997;40,30445326;4,339708909;4,614674312;3,322221446;3,47343602;10,9790321;13,40803461;2,429002508;4,943513287
60620;153;35,36093997;38,44618274;4,339708909;5,013997794;3,322221446;3,44638862;10,9790321;13,40102042;2,421988314;3,085242771
67277;153;32,0567437;34,41342227;4,472396753;5,067732349;3,434973929;3,764597992;10,3806857;12,80182151;2,421135812;2,356678566
29506;153;32,0567437;34,56668382;4,472396753;4,854700971;3,434973929;3,854086566;10,3806857;12,73736125;2,356675546;2,509940122
60439;153;37,07753469;41,80276838;4,507757646;4,760109023;3,430521103;3,553317265;12,05367514;14,39670009;2,34302495;4,725233692
12808;153;36,4952416;34,17878654;4,54276185;5,75414034;3,47405463;4,030319837;12,02608172;14,354574;2,328492276;-2,316455062
67415;153;32,0567437;50,15188192;4,472396753;3,537046562;3,434973929;2,993661703;10,3806857;12,69814462;2,317458918;18,09513822
60232;153;37,07753469;37,61196426;4,507757646;5,494015862;3,430521103;3,627324204;12,05367514;14,36018717;2,306512032;0,534429562
60740;153;35,36093997;38,47500479;4,339708909;4,889345842;3,322221446;3,470321294;10,9790321;13,27508514;2,296053033;3,114064822
12914;153;35,53440793;50,4115518;4,544505861;3,875195826;3,444570124;3,110342197;11,6428834;13,90810924;2,26522584;14,87714387
60437;153;37,07753469;48,6194647;4,507757646;4,265370633;3,430521103;3,130406435;12,05367514;14,31844475;2,264769605;11,54193001
60010;153;37,07753469;45,41677184;4,507757646;4,325671046;3,430521103;3,401827839;12,05367514;14,31220308;2,258527935;8,33923715
67517;153;32,0567437;41,59937166;4,472396753;4,230078543;3,434973929;3,29439017;10,3806857;12,6373707;2,256685;9,542627961
60701;153;35,36093997;37,74546676;4,339708909;4,84073776;3,322221446;3,588925695;10,9790321;13,22310999;2,244077881;2,384526791
60531;153;35,36093997;41,1560077;4,339708909;4,196807166;3,322221446;3,568927163;10,9790321;13,18965133;2,210619221;5,795067725
60264;153;37,07753469;43,55627127;4,507757646;4,607503598;3,430521103;3,396962886;12,05367514;14,25558285;2,201907706;6,478736578
60302;153;37,07753469;42,3453654;4,507757646;4,512222779;3,430521103;3,598009315;12,05367514;14,24387246;2,190197319;5,267830702
67168;153;32,0567437;31,13816113;4,472396753;5,436255446;3,434973929;3,994542483;10,3806857;12,56543326;2,184747557;-0,918582574
28492;153;37,07753469;45,67341749;4,507757646;4,311547716;3,430521103;3,35998175;12,05367514;14,23804621;2,184371068;8,595882795
60237;153;37,07753469;36,0619365;4,507757646;5,496106177;3,430521103;3,81884158;12,05367514;14,22871368;2,175038539;-1,015598198
67514;153;32,0567437;43,51751103;4,472396753;3,616881048;3,434973929;3,464988798;10,3806857;12,52940283;2,148717133;11,46076733
60074;153;37,07753469;47,28613873;4,507757646;3,976153459;3,430521103;3,411781889;12,05367514;14,20042488;2,146749742;10,20860404
60767;153;35,36093997;37,5641202;4,339708909;4,943321613;3,322221446;3,505991622;10,9790321;13,12412025;2,145088149;2,203180229
60168;153;37,07753469;43,09863343;4,507757646;4,417140275;3,430521103;3,580784123;12,05367514;14,19785039;2,144175244;6,02109874
60502;153;35,36093997;37,10828814;4,339708909;4,464717777;3,322221446;3,884928735;10,9790321;13,10867139;2,129639285;1,747348168
67384;153;32,0567437;38,49479273;4,472396753;4,425256157;3,434973929;3,473661667;10,3806857;12,48363694;2,102951244;6,438049028
12591;153;35,53440793;35,37232021;4,544505861;5,451050371;3,444570124;3,74440736;11,6428834;13,71181472;2,068931321;-0,162087722
60322;153;37,07753469;41,44859006;4,507757646;4,439459863;3,430521103;3,710485584;12,05367514;14,1171141;2,063438962;4,371055365
60388;153;37,07753469;44,05784204;4,507757646;4,388826641;3,430521103;3,438449307;12,05367514;14,11396249;2,060287352;6,980307349
60584;153;35,36093997;37,25452862;4,339708909;4,717558095;3,322221446;3,664725664;10,9790321;13,03472058;2,055688474;1,89358865
60513;153;35,36093997;37,45386776;4,339708909;4,700919199;3,322221446;3,642658977;10,9790321;13,0221776;2,043145496;2,092927792
28210;153;36,4952416;35,33568798;4,54276185;5,557655251;3,47405463;3,829890589;12,02608172;14,06432433;2,03824261;-1,159553614
28401;153;36,4952416;40,51968273;4,507757646;4,585075371;3,430521103;3,645702275;11,86437529;13,88837601;2,024000722;4,024441131
60819;153;35,36093997;42,87751831;4,339708909;4,449954598;3,322221446;3,138832976;10,9790321;13,00189041;2,02285831;7,516578337
12715;153;35,53440793;46,383233;4,544505861;3,926030564;3,444570124;3,358883815;11,6428834;13,6639558;2,021072398;10,84882507
60879;153;35,36093997;26,03619239;4,339708909;4,658996972;3,322221446;3,616828615;10,9790321;8,959571072;-2,019461032;-9,324747582
28321;153;36,4952416;32,88240985;4,54276185;4,709527529;3,47405463;3,024428127;12,02608172;9,986739796;-2,039341927;-3,612831752
12927;153;36,4952416;33,68046875;4,54276185;3,953687258;3,47405463;3,359561722;12,02608172;9,96463826;-2,061443463;-2,814772852
60956;153;35,36093997;24,01872789;4,339708909;4,889653722;3,322221446;3,858380943;10,9790321;8,894588713;-2,084443391;-11,34221208
60490;153;37,07753469;33,07056234;4,507757646;4,154740821;3,430521103;3,34237036;12,05367514;9,968018309;-2,085656833;-4,006972356
31019;153;35,36093997;27,39354728;4,339708909;3,866581;3,322221446;3,834581456;10,9790321;8,859920888;-2,119111216;-7,967392691
21406;153;36,4952416;32,68686336;4,54276185;4,131147296;3,47405463;3,34986041;12,02608172;9,906606462;-2,119475261;-3,808378236
31004;153;35,36093997;37,7729586;4,339708909;4,136450001;3,322221446;2,292128505;10,9790321;8,813312664;-2,16571944;2,412018631
67151;153;32,0567437;23,09010756;4,472396753;4,770359139;3,434973929;3,689445165;10,3806857;8,170598597;-2,210087103;-8,96663614
28485;153;37,07753469;28,51782049;4,507757646;4,495815023;3,430521103;3,741136812;12,05367514;9,84199919;-2,211675952;-8,559714208
28431;153;37,07753469;32,71784548;4,507757646;3,976701021;3,430521103;3,418801907;12,05367514;9,841434829;-2,212240313;-4,359689212
28355;153;36,4952416;30,1105308;4,507757646;4,434292946;3,430521103;3,374675063;11,86437529;9,579506224;-2,284869066;-6,384710796
28484;153;37,07753469;32,87407506;4,507757646;4,126301477;3,430521103;3,263392943;12,05367514;9,752460678;-2,301214464;-4,203459629
60261;153;37,07753469;26,56152823;4,507757646;4,457323389;3,430521103;4,092263828;12,05367514;9,738675631;-2,314999511;-10,51600647
60523;153;35,36093997;29,15308685;4,339708909;4,155886485;3,322221446;3,217199766;10,9790321;8,611646105;-2,367385999;-6,207853125
60115;153;37,07753469;28,98704636;4,507757646;4,458392019;3,430521103;3,592599397;12,05367514;9,670995497;-2,382679645;-8,090488337
28472;153;37,07753469;35,61586186;4,507757646;3,715447385;3,430521103;3,134589009;12,05367514;9,6312487;-2,422426442;-1,46167283
12868;153;36,4952416;27,8321061;4,54276185;4,794413885;3,47405463;3,531780575;12,02608172;9,587888569;-2,438193154;-8,663135496
60982;153;35,36093997;36,57344874;4,339708909;3,017277088;3,322221446;3,040379486;10,9790321;8,531259259;-2,447772846;1,212508771
67502;153;32,0567437;26,67929272;4,472396753;3,961063028;3,434973929;3,427856892;10,3806857;7,912842389;-2,467843311;-5,377450979
60871;153;35,36093997;27,11442976;4,339708909;4,38676552;3,322221446;3,352625605;10,9790321;8,467447121;-2,511584983;-8,246510207
21385;153;36,4952416;34,24658017;4,54276185;3,707338709;3,47405463;3,232072715;12,02608172;9,469567358;-2,556514365;-2,248661432
60725;153;35,36093997;27,58674375;4,339708909;4,210851866;3,322221446;3,241630533;10,9790321;8,260712042;-2,718320062;-7,774196223
60384;153;37,07753469;28,9470518;4,507757646;4,012266354;3,430521103;3,674416685;12,05367514;9,242382935;-2,811292207;-8,130482893
60772;153;35,36093997;27,08877082;4,339708909;4,002660857;3,322221446;3,375027989;10,9790321;8,100911344;-2,87812076;-8,272169147
67529;153;35,53440793;29,33181377;4,544505861;4,211312213;3,444570124;3,218488584;11,6428834;8,738948284;-2,903935119;-6,202594166
60847;153;35,36093997;24,6469748;4,339708909;4,183091685;3,322221446;3,662542893;10,9790321;8,036545965;-2,942486139;-10,71396517
12502;153;35,53440793;25,86457943;4,544505861;4,376393619;3,444570124;3,651238008;11,6428834;8,635660437;-3,007222967;-9,669828501
28237;153;36,4952416;25,09114537;4,54276185;4,603051431;3,47405463;3,810090647;12,02608172;8,893046081;-3,133035642;-11,40409623
60875;153;35,36093997;28,25369324;4,339708909;3,858477783;3,322221446;3,145692548;10,9790321;7,840114484;-3,13891762;-7,107246728
67546;153;35,53440793;29,98190713;4,544505861;3,785830323;3,444570124;3,282504922;11,6428834;8,494617865;-3,148265539;-5,552500799
28476;153;37,07753469;28,73716862;4,507757646;4,084268109;3,430521103;3,468741143;12,05367514;8,875928534;-3,177746608;-8,340366078
12992;153;36,4952416;34,35711141;4,54276185;3,320554926;3,47405463;3,202218089;12,02608172;8,843684448;-3,182397275;-2,138130185
60021;153;37,07753469;28,65626766;4,507757646;4,645589926;3,430521103;3,07777379;12,05367514;8,822063362;-3,23161178;-8,421267029
12713;153;36,4952416;24,65237245;4,54276185;4,863987194;3,47405463;3,645627678;12,02608172;8,754173587;-3,271908136;-11,84286915
60198;153;37,07753469;27,59466368;4,507757646;4,510727029;3,430521103;3,281699681;12,05367514;8,702753063;-3,350922079;-9,482871016
67296;153;32,0567437;17,40278929;4,472396753;5,870083053;3,434973929;3,6812895;10,3806857;6,996367394;-3,384318306;-14,65395441
28228;153;36,4952416;28,908003;4,54276185;4,40952081;3,47405463;3,135758673;12,02608172;8,637635132;-3,388446591;-7,5872386
60427;153;37,07753469;28,01589374;4,507757646;4,010840815;3,430521103;3,550897177;12,05367514;8,644917424;-3,408757717;-9,061640952
60288;153;37,07753469;24,16484973;4,507757646;4,620212448;3,430521103;3,820584559;12,05367514;8,59988577;-3,453789372;-12,91268497
67436;153;35,53440793;24,73862896;4,544505861;4,685927021;3,444570124;3,355204189;11,6428834;8,114309041;-3,528574363;-10,79577897
67303;153;32,0567437;21,52007205;4,472396753;3,630858702;3,434973929;3,862281465;10,3806857;6,775021145;-3,605664554;-10,53667165
28378;153;37,07753469;25,28186679;4,507757646;4,800208446;3,430521103;3,321678304;12,05367514;8,36437688;-3,689298262;-11,7956679
12806;153;35,53440793;20,85742793;4,544505861;4,59908563;3,444570124;4,019424686;11,6428834;7,677726523;-3,965156881;-14,67698001
29454;153;32,0567437;20,9117694;4,472396753;4,577109763;3,434973929;3,105530259;10,3806857;6,412836243;-3,967849456;-11,1449743
60605;153;35,36093997;18,23592956;4,339708909;4,917918062;3,322221446;3,835785794;10,9790321;6,748674191;-4,230357913;-17,12501041
60607;153;35,36093997;24,77547244;4,339708909;3,914866738;3,322221446;3,016019366;10,9790321;6,724243358;-4,254788747;-10,58546753
60423;153;35,36093997;15,74242963;4,339708909;4,495902938;3,322221446;3,892283994;10,9790321;5,590490243;-5,388541861;-19,61851034
60224;153;35,36093997;13,68865728;4,339708909;3,823467863;3,322221446;4,005799914;10,9790321;4,556276812;-6,422755292;-21,67228269
67236;153;32,0567437;17,08864818;4,472396753;3,192403013;3,434973929;2,840184901;10,3806857;3,892347776;-6,488337924;-14,96809552
12608;153;35,53440793;18,55665239;4,544505861;4,285624103;3,444570124;2,799670081;11,6428834;5,075490623;-6,567392781;-16,97775554
12546;153;35,53440793;18,8106571;4,544505861;3,418950253;3,444570124;3,162334079;11,6428834;4,874288881;-6,768594522;-16,72375083
28468;153;37,07753469;21,20357675;4,507757646;4,041125457;3,430521103;2,512357018;12,05367514;5,221310626;-6,832364516;-15,87395794
60547;153;35,36093997;11,17133792;4,339708909;5,096690691;3,322221446;3,406169953;10,9790321;3,905132146;-7,073899958;-24,18960205
67482;153;35,53440793;10,56816671;4,544505861;4,902047435;3,444570124;3,394962623;11,6428834;3,595338245;-8,047545158;-24,96624122
60279;153;37,07753469;10,85075085;4,507757646;4,358896052;3,430521103;4,067516864;12,05367514;3,913312313;-8,140362828;-26,22678384
